{
  "applyElevationOverlayColor": true,
  "brightness": "dark",
  "buttonTheme": {
    "alignedDropdown": false,
    "colorScheme": {
      "background": "#ff1b1c18",
      "brightness": "dark",
      "error": "#ffffb4ab",
      "errorContainer": "#ff93000a",
      "inversePrimary": "#ff3e6a00",
      "inverseSurface": "#ffe3e3db",
      "onBackground": "#ffe3e3db",
      "onError": "#ff690005",
      "onErrorContainer": "#ffffb4ab",
      "onInverseSurface": "#ff30312c",
      "onPrimary": "#ff1e3700",
      "onPrimaryContainer": "#ffc9ef9c",
      "onSecondary": "#ff2a331e",
      "onSecondaryContainer": "#ffdbe7c8",
      "onSurface": "#ffe3e3db",
      "onSurfaceVariant": "#ffc5c8ba",
      "onTertiary": "#ff003735",
      "onTertiaryContainer": "#ffbbece8",
      "outline": "#ff8e9285",
      "outlineVariant": "#ff44483d",
      "primary": "#ff9ed75b",
      "primaryContainer": "#ff2e4f00",
      "scrim": "#ff000000",
      "secondary": "#ffbfcbad",
      "secondaryContainer": "#ff404a33",
      "shadow": "#ff000000",
      "surface": "#ff1b1c18",
      "surfaceTint": "#ff9ed75b",
      "surfaceVariant": "#ff44483d",
      "tertiary": "#ffa0d0cc",
      "tertiaryContainer": "#ff1f4e4b"
    },
    "height": 36,
    "layoutBehavior": "padded",
    "minWidth": 88,
    "padding": {
      "bottom": 0,
      "left": 16,
      "right": 16,
      "top": 0
    },
    "shape": {
      "borderRadius": {
        "bottomLeft": {
          "type": "elliptical",
          "x": 2,
          "y": 2
        },
        "bottomRight": {
          "type": "elliptical",
          "x": 2,
          "y": 2
        },
        "topLeft": {
          "type": "elliptical",
          "x": 2,
          "y": 2
        },
        "topRight": {
          "type": "elliptical",
          "x": 2,
          "y": 2
        },
        "type": "only"
      },
      "side": {
        "color": "#ff000000",
        "strokeAlign": -1,
        "style": "none",
        "width": 0
      },
      "type": "rounded"
    },
    "textTheme": "normal"
  },
  "canvasColor": "#ff1b1c18",
  "cardColor": "#ff1b1c18",
  "colorScheme": {
    "background": "#ff1b1c18",
    "brightness": "dark",
    "error": "#ffffb4ab",
    "errorContainer": "#ff93000a",
    "inversePrimary": "#ff3e6a00",
    "inverseSurface": "#ffe3e3db",
    "onBackground": "#ffe3e3db",
    "onError": "#ff690005",
    "onErrorContainer": "#ffffb4ab",
    "onInverseSurface": "#ff30312c",
    "onPrimary": "#ff1e3700",
    "onPrimaryContainer": "#ffc9ef9c",
    "onSecondary": "#ff2a331e",
    "onSecondaryContainer": "#ffdbe7c8",
    "onSurface": "#ffe3e3db",
    "onSurfaceVariant": "#ffc5c8ba",
    "onTertiary": "#ff003735",
    "onTertiaryContainer": "#ffbbece8",
    "outline": "#ff8e9285",
    "outlineVariant": "#ff44483d",
    "primary": "#ff9ed75b",
    "primaryContainer": "#ff2e4f00",
    "scrim": "#ff000000",
    "secondary": "#ffbfcbad",
    "secondaryContainer": "#ff404a33",
    "shadow": "#ff000000",
    "surface": "#ff1b1c18",
    "surfaceTint": "#ff9ed75b",
    "surfaceVariant": "#ff44483d",
    "tertiary": "#ffa0d0cc",
    "tertiaryContainer": "#ff1f4e4b"
  },
  "dialogBackgroundColor": "#ff1b1c18",
  "disabledColor": "#62ffffff",
  "dividerColor": "#1fe3e3db",
  "focusColor": "#1fffffff",
  "highlightColor": "#40cccccc",
  "hintColor": "#99ffffff",
  "hoverColor": "#0affffff",
  "iconTheme": {
    "color": "#ffffffff"
  },
  "indicatorColor": "#ffe3e3db",
  "inputDecorationTheme": {
    "alignLabelWithHint": false,
    "filled": false,
    "floatingLabelAlignment": "start",
    "floatingLabelBehavior": "auto",
    "isCollapsed": false,
    "isDense": false
  },
  "materialTapTargetSize": "shrinkWrap",
  "platform": "macOS",
  "primaryColor": "#ff1b1c18",
  "primaryColorDark": "#ff000000",
  "primaryColorLight": "#ff9e9e9e",
  "primaryIconTheme": {
    "color": "#ffffffff"
  },
  "primaryTextTheme": {
    "bodyLarge": {
      "color": "#ffe3e3db",
      "decoration": "none",
      "decorationColor": "#ffe3e3db",
      "fontFamily": ".AppleSystemUIFont",
      "fontSize": 16,
      "fontWeight": "w400",
      "inherit": false,
      "letterSpacing": 0.5,
      "textBaseline": "alphabetic"
    },
    "bodyMedium": {
      "color": "#ffe3e3db",
      "decoration": "none",
      "decorationColor": "#ffe3e3db",
      "fontFamily": ".AppleSystemUIFont",
      "fontSize": 14,
      "fontWeight": "w400",
      "inherit": false,
      "letterSpacing": 0.25,
      "textBaseline": "alphabetic"
    },
    "bodySmall": {
      "color": "#ffe3e3db",
      "decoration": "none",
      "decorationColor": "#ffe3e3db",
      "fontFamily": ".AppleSystemUIFont",
      "fontSize": 12,
      "fontWeight": "w400",
      "inherit": false,
      "letterSpacing": 0.4,
      "textBaseline": "alphabetic"
    },
    "displayLarge": {
      "color": "#ffe3e3db",
      "decoration": "none",
      "decorationColor": "#ffe3e3db",
      "fontFamily": ".AppleSystemUIFont",
      "fontSize": 96,
      "fontWeight": "w300",
      "inherit": false,
      "letterSpacing": -1.5,
      "textBaseline": "alphabetic"
    },
    "displayMedium": {
      "color": "#ffe3e3db",
      "decoration": "none",
      "decorationColor": "#ffe3e3db",
      "fontFamily": ".AppleSystemUIFont",
      "fontSize": 60,
      "fontWeight": "w300",
      "inherit": false,
      "letterSpacing": -0.5,
      "textBaseline": "alphabetic"
    },
    "displaySmall": {
      "color": "#ffe3e3db",
      "decoration": "none",
      "decorationColor": "#ffe3e3db",
      "fontFamily": ".AppleSystemUIFont",
      "fontSize": 48,
      "fontWeight": "w400",
      "inherit": false,
      "letterSpacing": 0,
      "textBaseline": "alphabetic"
    },
    "headlineLarge": {
      "color": "#ffe3e3db",
      "decoration": "none",
      "decorationColor": "#ffe3e3db",
      "fontFamily": ".AppleSystemUIFont",
      "fontSize": 40,
      "fontWeight": "w400",
      "inherit": false,
      "letterSpacing": 0.25,
      "textBaseline": "alphabetic"
    },
    "headlineMedium": {
      "color": "#ffe3e3db",
      "decoration": "none",
      "decorationColor": "#ffe3e3db",
      "fontFamily": ".AppleSystemUIFont",
      "fontSize": 34,
      "fontWeight": "w400",
      "inherit": false,
      "letterSpacing": 0.25,
      "textBaseline": "alphabetic"
    },
    "headlineSmall": {
      "color": "#ffe3e3db",
      "decoration": "none",
      "decorationColor": "#ffe3e3db",
      "fontFamily": ".AppleSystemUIFont",
      "fontSize": 24,
      "fontWeight": "w400",
      "inherit": false,
      "letterSpacing": 0,
      "textBaseline": "alphabetic"
    },
    "labelLarge": {
      "color": "#ffe3e3db",
      "decoration": "none",
      "decorationColor": "#ffe3e3db",
      "fontFamily": ".AppleSystemUIFont",
      "fontSize": 14,
      "fontWeight": "w500",
      "inherit": false,
      "letterSpacing": 1.25,
      "textBaseline": "alphabetic"
    },
    "labelMedium": {
      "color": "#ffe3e3db",
      "decoration": "none",
      "decorationColor": "#ffe3e3db",
      "fontFamily": ".AppleSystemUIFont",
      "fontSize": 11,
      "fontWeight": "w400",
      "inherit": false,
      "letterSpacing": 1.5,
      "textBaseline": "alphabetic"
    },
    "labelSmall": {
      "color": "#ffe3e3db",
      "decoration": "none",
      "decorationColor": "#ffe3e3db",
      "fontFamily": ".AppleSystemUIFont",
      "fontSize": 10,
      "fontWeight": "w400",
      "inherit": false,
      "letterSpacing": 1.5,
      "textBaseline": "alphabetic"
    },
    "titleLarge": {
      "color": "#ffe3e3db",
      "decoration": "none",
      "decorationColor": "#ffe3e3db",
      "fontFamily": ".AppleSystemUIFont",
      "fontSize": 20,
      "fontWeight": "w500",
      "inherit": false,
      "letterSpacing": 0.15,
      "textBaseline": "alphabetic"
    },
    "titleMedium": {
      "color": "#ffe3e3db",
      "decoration": "none",
      "decorationColor": "#ffe3e3db",
      "fontFamily": ".AppleSystemUIFont",
      "fontSize": 16,
      "fontWeight": "w400",
      "inherit": false,
      "letterSpacing": 0.15,
      "textBaseline": "alphabetic"
    },
    "titleSmall": {
      "color": "#ffe3e3db",
      "decoration": "none",
      "decorationColor": "#ffe3e3db",
      "fontFamily": ".AppleSystemUIFont",
      "fontSize": 14,
      "fontWeight": "w500",
      "inherit": false,
      "letterSpacing": 0.1,
      "textBaseline": "alphabetic"
    }
  },
  "scaffoldBackgroundColor": "#ff1b1c18",
  "secondaryHeaderColor": "#ff616161",
  "shadowColor": "#ff000000",
  "splashColor": "#40cccccc",
  "splashFactory": "ripple",
  "textTheme": {
    "bodyLarge": {
      "color": "#ffe3e3db",
      "decoration": "none",
      "decorationColor": "#ffe3e3db",
      "fontFamily": ".AppleSystemUIFont",
      "fontSize": 16,
      "fontWeight": "w400",
      "inherit": false,
      "letterSpacing": 0.5,
      "textBaseline": "alphabetic"
    },
    "bodyMedium": {
      "color": "#ffe3e3db",
      "decoration": "none",
      "decorationColor": "#ffe3e3db",
      "fontFamily": ".AppleSystemUIFont",
      "fontSize": 14,
      "fontWeight": "w400",
      "inherit": false,
      "letterSpacing": 0.25,
      "textBaseline": "alphabetic"
    },
    "bodySmall": {
      "color": "#ffe3e3db",
      "decoration": "none",
      "decorationColor": "#ffe3e3db",
      "fontFamily": ".AppleSystemUIFont",
      "fontSize": 12,
      "fontWeight": "w400",
      "inherit": false,
      "letterSpacing": 0.4,
      "textBaseline": "alphabetic"
    },
    "displayLarge": {
      "color": "#ffe3e3db",
      "decoration": "none",
      "decorationColor": "#ffe3e3db",
      "fontFamily": ".AppleSystemUIFont",
      "fontSize": 96,
      "fontWeight": "w300",
      "inherit": false,
      "letterSpacing": -1.5,
      "textBaseline": "alphabetic"
    },
    "displayMedium": {
      "color": "#ffe3e3db",
      "decoration": "none",
      "decorationColor": "#ffe3e3db",
      "fontFamily": ".AppleSystemUIFont",
      "fontSize": 60,
      "fontWeight": "w300",
      "inherit": false,
      "letterSpacing": -0.5,
      "textBaseline": "alphabetic"
    },
    "displaySmall": {
      "color": "#ffe3e3db",
      "decoration": "none",
      "decorationColor": "#ffe3e3db",
      "fontFamily": ".AppleSystemUIFont",
      "fontSize": 48,
      "fontWeight": "w400",
      "inherit": false,
      "letterSpacing": 0,
      "textBaseline": "alphabetic"
    },
    "headlineLarge": {
      "color": "#ffe3e3db",
      "decoration": "none",
      "decorationColor": "#ffe3e3db",
      "fontFamily": ".AppleSystemUIFont",
      "fontSize": 40,
      "fontWeight": "w400",
      "inherit": false,
      "letterSpacing": 0.25,
      "textBaseline": "alphabetic"
    },
    "headlineMedium": {
      "color": "#ffe3e3db",
      "decoration": "none",
      "decorationColor": "#ffe3e3db",
      "fontFamily": ".AppleSystemUIFont",
      "fontSize": 34,
      "fontWeight": "w400",
      "inherit": false,
      "letterSpacing": 0.25,
      "textBaseline": "alphabetic"
    },
    "headlineSmall": {
      "color": "#ffe3e3db",
      "decoration": "none",
      "decorationColor": "#ffe3e3db",
      "fontFamily": ".AppleSystemUIFont",
      "fontSize": 24,
      "fontWeight": "w400",
      "inherit": false,
      "letterSpacing": 0,
      "textBaseline": "alphabetic"
    },
    "labelLarge": {
      "color": "#ffe3e3db",
      "decoration": "none",
      "decorationColor": "#ffe3e3db",
      "fontFamily": ".AppleSystemUIFont",
      "fontSize": 14,
      "fontWeight": "w500",
      "inherit": false,
      "letterSpacing": 1.25,
      "textBaseline": "alphabetic"
    },
    "labelMedium": {
      "color": "#ffe3e3db",
      "decoration": "none",
      "decorationColor": "#ffe3e3db",
      "fontFamily": ".AppleSystemUIFont",
      "fontSize": 11,
      "fontWeight": "w400",
      "inherit": false,
      "letterSpacing": 1.5,
      "textBaseline": "alphabetic"
    },
    "labelSmall": {
      "color": "#ffe3e3db",
      "decoration": "none",
      "decorationColor": "#ffe3e3db",
      "fontFamily": ".AppleSystemUIFont",
      "fontSize": 10,
      "fontWeight": "w400",
      "inherit": false,
      "letterSpacing": 1.5,
      "textBaseline": "alphabetic"
    },
    "titleLarge": {
      "color": "#ffe3e3db",
      "decoration": "none",
      "decorationColor": "#ffe3e3db",
      "fontFamily": ".AppleSystemUIFont",
      "fontSize": 20,
      "fontWeight": "w500",
      "inherit": false,
      "letterSpacing": 0.15,
      "textBaseline": "alphabetic"
    },
    "titleMedium": {
      "color": "#ffe3e3db",
      "decoration": "none",
      "decorationColor": "#ffe3e3db",
      "fontFamily": ".AppleSystemUIFont",
      "fontSize": 16,
      "fontWeight": "w400",
      "inherit": false,
      "letterSpacing": 0.15,
      "textBaseline": "alphabetic"
    },
    "titleSmall": {
      "color": "#ffe3e3db",
      "decoration": "none",
      "decorationColor": "#ffe3e3db",
      "fontFamily": ".AppleSystemUIFont",
      "fontSize": 14,
      "fontWeight": "w500",
      "inherit": false,
      "letterSpacing": 0.1,
      "textBaseline": "alphabetic"
    }
  },
  "typography": {
    "black": {
      "bodyLarge": {
        "color": "#ff1b1c18",
        "decoration": "none",
        "decorationColor": "#ff1b1c18",
        "fontFamily": ".AppleSystemUIFont",
        "inherit": true
      },
      "bodyMedium": {
        "color": "#ff1b1c18",
        "decoration": "none",
        "decorationColor": "#ff1b1c18",
        "fontFamily": ".AppleSystemUIFont",
        "inherit": true
      },
      "bodySmall": {
        "color": "#ff1b1c18",
        "decoration": "none",
        "decorationColor": "#ff1b1c18",
        "fontFamily": ".AppleSystemUIFont",
        "inherit": true
      },
      "displayLarge": {
        "color": "#ff1b1c18",
        "decoration": "none",
        "decorationColor": "#ff1b1c18",
        "fontFamily": ".AppleSystemUIFont",
        "inherit": true
      },
      "displayMedium": {
        "color": "#ff1b1c18",
        "decoration": "none",
        "decorationColor": "#ff1b1c18",
        "fontFamily": ".AppleSystemUIFont",
        "inherit": true
      },
      "displaySmall": {
        "color": "#ff1b1c18",
        "decoration": "none",
        "decorationColor": "#ff1b1c18",
        "fontFamily": ".AppleSystemUIFont",
        "inherit": true
      },
      "headlineLarge": {
        "color": "#ff1b1c18",
        "decoration": "none",
        "decorationColor": "#ff1b1c18",
        "fontFamily": ".AppleSystemUIFont",
        "inherit": true
      },
      "headlineMedium": {
        "color": "#ff1b1c18",
        "decoration": "none",
        "decorationColor": "#ff1b1c18",
        "fontFamily": ".AppleSystemUIFont",
        "inherit": true
      },
      "headlineSmall": {
        "color": "#ff1b1c18",
        "decoration": "none",
        "decorationColor": "#ff1b1c18",
        "fontFamily": ".AppleSystemUIFont",
        "inherit": true
      },
      "labelLarge": {
        "color": "#ff1b1c18",
        "decoration": "none",
        "decorationColor": "#ff1b1c18",
        "fontFamily": ".AppleSystemUIFont",
        "inherit": true
      },
      "labelMedium": {
        "color": "#ff1b1c18",
        "decoration": "none",
        "decorationColor": "#ff1b1c18",
        "fontFamily": ".AppleSystemUIFont",
        "inherit": true
      },
      "labelSmall": {
        "color": "#ff1b1c18",
        "decoration": "none",
        "decorationColor": "#ff1b1c18",
        "fontFamily": ".AppleSystemUIFont",
        "inherit": true
      },
      "titleLarge": {
        "color": "#ff1b1c18",
        "decoration": "none",
        "decorationColor": "#ff1b1c18",
        "fontFamily": ".AppleSystemUIFont",
        "inherit": true
      },
      "titleMedium": {
        "color": "#ff1b1c18",
        "decoration": "none",
        "decorationColor": "#ff1b1c18",
        "fontFamily": ".AppleSystemUIFont",
        "inherit": true
      },
      "titleSmall": {
        "color": "#ff1b1c18",
        "decoration": "none",
        "decorationColor": "#ff1b1c18",
        "fontFamily": ".AppleSystemUIFont",
        "inherit": true
      }
    },
    "dense": {
      "bodyLarge": {
        "fontSize": 16,
        "fontWeight": "w400",
        "height": 1.5,
        "inherit": false,
        "leadingDistribution": "even",
        "letterSpacing": 0.5,
        "textBaseline": "ideographic"
      },
      "bodyMedium": {
        "fontSize": 14,
        "fontWeight": "w400",
        "height": 1.43,
        "inherit": false,
        "leadingDistribution": "even",
        "letterSpacing": 0.25,
        "textBaseline": "ideographic"
      },
      "bodySmall": {
        "fontSize": 12,
        "fontWeight": "w400",
        "height": 1.33,
        "inherit": false,
        "leadingDistribution": "even",
        "letterSpacing": 0.4,
        "textBaseline": "ideographic"
      },
      "displayLarge": {
        "fontSize": 57,
        "fontWeight": "w400",
        "height": 1.12,
        "inherit": false,
        "leadingDistribution": "even",
        "letterSpacing": -0.25,
        "textBaseline": "ideographic"
      },
      "displayMedium": {
        "fontSize": 45,
        "fontWeight": "w400",
        "height": 1.16,
        "inherit": false,
        "leadingDistribution": "even",
        "letterSpacing": 0,
        "textBaseline": "ideographic"
      },
      "displaySmall": {
        "fontSize": 36,
        "fontWeight": "w400",
        "height": 1.22,
        "inherit": false,
        "leadingDistribution": "even",
        "letterSpacing": 0,
        "textBaseline": "ideographic"
      },
      "headlineLarge": {
        "fontSize": 32,
        "fontWeight": "w400",
        "height": 1.25,
        "inherit": false,
        "leadingDistribution": "even",
        "letterSpacing": 0,
        "textBaseline": "ideographic"
      },
      "headlineMedium": {
        "fontSize": 28,
        "fontWeight": "w400",
        "height": 1.29,
        "inherit": false,
        "leadingDistribution": "even",
        "letterSpacing": 0,
        "textBaseline": "ideographic"
      },
      "headlineSmall": {
        "fontSize": 24,
        "fontWeight": "w400",
        "height": 1.33,
        "inherit": false,
        "leadingDistribution": "even",
        "letterSpacing": 0,
        "textBaseline": "ideographic"
      },
      "labelLarge": {
        "fontSize": 14,
        "fontWeight": "w500",
        "height": 1.43,
        "inherit": false,
        "leadingDistribution": "even",
        "letterSpacing": 0.1,
        "textBaseline": "ideographic"
      },
      "labelMedium": {
        "fontSize": 12,
        "fontWeight": "w500",
        "height": 1.33,
        "inherit": false,
        "leadingDistribution": "even",
        "letterSpacing": 0.5,
        "textBaseline": "ideographic"
      },
      "labelSmall": {
        "fontSize": 11,
        "fontWeight": "w500",
        "height": 1.45,
        "inherit": false,
        "leadingDistribution": "even",
        "letterSpacing": 0.5,
        "textBaseline": "ideographic"
      },
      "titleLarge": {
        "fontSize": 22,
        "fontWeight": "w400",
        "height": 1.27,
        "inherit": false,
        "leadingDistribution": "even",
        "letterSpacing": 0,
        "textBaseline": "ideographic"
      },
      "titleMedium": {
        "fontSize": 16,
        "fontWeight": "w500",
        "height": 1.5,
        "inherit": false,
        "leadingDistribution": "even",
        "letterSpacing": 0.15,
        "textBaseline": "ideographic"
      },
      "titleSmall": {
        "fontSize": 14,
        "fontWeight": "w500",
        "height": 1.43,
        "inherit": false,
        "leadingDistribution": "even",
        "letterSpacing": 0.1,
        "textBaseline": "ideographic"
      }
    },
    "englishLike": {
      "bodyLarge": {
        "fontSize": 16,
        "fontWeight": "w400",
        "height": 1.5,
        "inherit": false,
        "leadingDistribution": "even",
        "letterSpacing": 0.5,
        "textBaseline": "alphabetic"
      },
      "bodyMedium": {
        "fontSize": 14,
        "fontWeight": "w400",
        "height": 1.43,
        "inherit": false,
        "leadingDistribution": "even",
        "letterSpacing": 0.25,
        "textBaseline": "alphabetic"
      },
      "bodySmall": {
        "fontSize": 12,
        "fontWeight": "w400",
        "height": 1.33,
        "inherit": false,
        "leadingDistribution": "even",
        "letterSpacing": 0.4,
        "textBaseline": "alphabetic"
      },
      "displayLarge": {
        "fontSize": 57,
        "fontWeight": "w400",
        "height": 1.12,
        "inherit": false,
        "leadingDistribution": "even",
        "letterSpacing": -0.25,
        "textBaseline": "alphabetic"
      },
      "displayMedium": {
        "fontSize": 45,
        "fontWeight": "w400",
        "height": 1.16,
        "inherit": false,
        "leadingDistribution": "even",
        "letterSpacing": 0,
        "textBaseline": "alphabetic"
      },
      "displaySmall": {
        "fontSize": 36,
        "fontWeight": "w400",
        "height": 1.22,
        "inherit": false,
        "leadingDistribution": "even",
        "letterSpacing": 0,
        "textBaseline": "alphabetic"
      },
      "headlineLarge": {
        "fontSize": 32,
        "fontWeight": "w400",
        "height": 1.25,
        "inherit": false,
        "leadingDistribution": "even",
        "letterSpacing": 0,
        "textBaseline": "alphabetic"
      },
      "headlineMedium": {
        "fontSize": 28,
        "fontWeight": "w400",
        "height": 1.29,
        "inherit": false,
        "leadingDistribution": "even",
        "letterSpacing": 0,
        "textBaseline": "alphabetic"
      },
      "headlineSmall": {
        "fontSize": 24,
        "fontWeight": "w400",
        "height": 1.33,
        "inherit": false,
        "leadingDistribution": "even",
        "letterSpacing": 0,
        "textBaseline": "alphabetic"
      },
      "labelLarge": {
        "fontSize": 14,
        "fontWeight": "w500",
        "height": 1.43,
        "inherit": false,
        "leadingDistribution": "even",
        "letterSpacing": 0.1,
        "textBaseline": "alphabetic"
      },
      "labelMedium": {
        "fontSize": 12,
        "fontWeight": "w500",
        "height": 1.33,
        "inherit": false,
        "leadingDistribution": "even",
        "letterSpacing": 0.5,
        "textBaseline": "alphabetic"
      },
      "labelSmall": {
        "fontSize": 11,
        "fontWeight": "w500",
        "height": 1.45,
        "inherit": false,
        "leadingDistribution": "even",
        "letterSpacing": 0.5,
        "textBaseline": "alphabetic"
      },
      "titleLarge": {
        "fontSize": 22,
        "fontWeight": "w400",
        "height": 1.27,
        "inherit": false,
        "leadingDistribution": "even",
        "letterSpacing": 0,
        "textBaseline": "alphabetic"
      },
      "titleMedium": {
        "fontSize": 16,
        "fontWeight": "w500",
        "height": 1.5,
        "inherit": false,
        "leadingDistribution": "even",
        "letterSpacing": 0.15,
        "textBaseline": "alphabetic"
      },
      "titleSmall": {
        "fontSize": 14,
        "fontWeight": "w500",
        "height": 1.43,
        "inherit": false,
        "leadingDistribution": "even",
        "letterSpacing": 0.1,
        "textBaseline": "alphabetic"
      }
    },
    "tall": {
      "bodyLarge": {
        "fontSize": 16,
        "fontWeight": "w400",
        "height": 1.5,
        "inherit": false,
        "leadingDistribution": "even",
        "letterSpacing": 0.5,
        "textBaseline": "alphabetic"
      },
      "bodyMedium": {
        "fontSize": 14,
        "fontWeight": "w400",
        "height": 1.43,
        "inherit": false,
        "leadingDistribution": "even",
        "letterSpacing": 0.25,
        "textBaseline": "alphabetic"
      },
      "bodySmall": {
        "fontSize": 12,
        "fontWeight": "w400",
        "height": 1.33,
        "inherit": false,
        "leadingDistribution": "even",
        "letterSpacing": 0.4,
        "textBaseline": "alphabetic"
      },
      "displayLarge": {
        "fontSize": 57,
        "fontWeight": "w400",
        "height": 1.12,
        "inherit": false,
        "leadingDistribution": "even",
        "letterSpacing": -0.25,
        "textBaseline": "alphabetic"
      },
      "displayMedium": {
        "fontSize": 45,
        "fontWeight": "w400",
        "height": 1.16,
        "inherit": false,
        "leadingDistribution": "even",
        "letterSpacing": 0,
        "textBaseline": "alphabetic"
      },
      "displaySmall": {
        "fontSize": 36,
        "fontWeight": "w400",
        "height": 1.22,
        "inherit": false,
        "leadingDistribution": "even",
        "letterSpacing": 0,
        "textBaseline": "alphabetic"
      },
      "headlineLarge": {
        "fontSize": 32,
        "fontWeight": "w400",
        "height": 1.25,
        "inherit": false,
        "leadingDistribution": "even",
        "letterSpacing": 0,
        "textBaseline": "alphabetic"
      },
      "headlineMedium": {
        "fontSize": 28,
        "fontWeight": "w400",
        "height": 1.29,
        "inherit": false,
        "leadingDistribution": "even",
        "letterSpacing": 0,
        "textBaseline": "alphabetic"
      },
      "headlineSmall": {
        "fontSize": 24,
        "fontWeight": "w400",
        "height": 1.33,
        "inherit": false,
        "leadingDistribution": "even",
        "letterSpacing": 0,
        "textBaseline": "alphabetic"
      },
      "labelLarge": {
        "fontSize": 14,
        "fontWeight": "w500",
        "height": 1.43,
        "inherit": false,
        "leadingDistribution": "even",
        "letterSpacing": 0.1,
        "textBaseline": "alphabetic"
      },
      "labelMedium": {
        "fontSize": 12,
        "fontWeight": "w500",
        "height": 1.33,
        "inherit": false,
        "leadingDistribution": "even",
        "letterSpacing": 0.5,
        "textBaseline": "alphabetic"
      },
      "labelSmall": {
        "fontSize": 11,
        "fontWeight": "w500",
        "height": 1.45,
        "inherit": false,
        "leadingDistribution": "even",
        "letterSpacing": 0.5,
        "textBaseline": "alphabetic"
      },
      "titleLarge": {
        "fontSize": 22,
        "fontWeight": "w400",
        "height": 1.27,
        "inherit": false,
        "leadingDistribution": "even",
        "letterSpacing": 0,
        "textBaseline": "alphabetic"
      },
      "titleMedium": {
        "fontSize": 16,
        "fontWeight": "w500",
        "height": 1.5,
        "inherit": false,
        "leadingDistribution": "even",
        "letterSpacing": 0.15,
        "textBaseline": "alphabetic"
      },
      "titleSmall": {
        "fontSize": 14,
        "fontWeight": "w500",
        "height": 1.43,
        "inherit": false,
        "leadingDistribution": "even",
        "letterSpacing": 0.1,
        "textBaseline": "alphabetic"
      }
    },
    "white": {
      "bodyLarge": {
        "color": "#ffe3e3db",
        "decoration": "none",
        "decorationColor": "#ffe3e3db",
        "fontFamily": ".AppleSystemUIFont",
        "inherit": true
      },
      "bodyMedium": {
        "color": "#ffe3e3db",
        "decoration": "none",
        "decorationColor": "#ffe3e3db",
        "fontFamily": ".AppleSystemUIFont",
        "inherit": true
      },
      "bodySmall": {
        "color": "#ffe3e3db",
        "decoration": "none",
        "decorationColor": "#ffe3e3db",
        "fontFamily": ".AppleSystemUIFont",
        "inherit": true
      },
      "displayLarge": {
        "color": "#ffe3e3db",
        "decoration": "none",
        "decorationColor": "#ffe3e3db",
        "fontFamily": ".AppleSystemUIFont",
        "inherit": true
      },
      "displayMedium": {
        "color": "#ffe3e3db",
        "decoration": "none",
        "decorationColor": "#ffe3e3db",
        "fontFamily": ".AppleSystemUIFont",
        "inherit": true
      },
      "displaySmall": {
        "color": "#ffe3e3db",
        "decoration": "none",
        "decorationColor": "#ffe3e3db",
        "fontFamily": ".AppleSystemUIFont",
        "inherit": true
      },
      "headlineLarge": {
        "color": "#ffe3e3db",
        "decoration": "none",
        "decorationColor": "#ffe3e3db",
        "fontFamily": ".AppleSystemUIFont",
        "inherit": true
      },
      "headlineMedium": {
        "color": "#ffe3e3db",
        "decoration": "none",
        "decorationColor": "#ffe3e3db",
        "fontFamily": ".AppleSystemUIFont",
        "inherit": true
      },
      "headlineSmall": {
        "color": "#ffe3e3db",
        "decoration": "none",
        "decorationColor": "#ffe3e3db",
        "fontFamily": ".AppleSystemUIFont",
        "inherit": true
      },
      "labelLarge": {
        "color": "#ffe3e3db",
        "decoration": "none",
        "decorationColor": "#ffe3e3db",
        "fontFamily": ".AppleSystemUIFont",
        "inherit": true
      },
      "labelMedium": {
        "color": "#ffe3e3db",
        "decoration": "none",
        "decorationColor": "#ffe3e3db",
        "fontFamily": ".AppleSystemUIFont",
        "inherit": true
      },
      "labelSmall": {
        "color": "#ffe3e3db",
        "decoration": "none",
        "decorationColor": "#ffe3e3db",
        "fontFamily": ".AppleSystemUIFont",
        "inherit": true
      },
      "titleLarge": {
        "color": "#ffe3e3db",
        "decoration": "none",
        "decorationColor": "#ffe3e3db",
        "fontFamily": ".AppleSystemUIFont",
        "inherit": true
      },
      "titleMedium": {
        "color": "#ffe3e3db",
        "decoration": "none",
        "decorationColor": "#ffe3e3db",
        "fontFamily": ".AppleSystemUIFont",
        "inherit": true
      },
      "titleSmall": {
        "color": "#ffe3e3db",
        "decoration": "none",
        "decorationColor": "#ffe3e3db",
        "fontFamily": ".AppleSystemUIFont",
        "inherit": true
      }
    }
  },
  "unselectedWidgetColor": "#b3ffffff",
  "useMaterial3": true,
  "visualDensity": "compact"
}