{
  "applyElevationOverlayColor": false,
  "brightness": "light",
  "buttonTheme": {
    "alignedDropdown": false,
    "colorScheme": {
      "background": "#fffcfcff",
      "brightness": "light",
      "error": "#ffba1a1a",
      "errorContainer": "#ffffdad6",
      "inversePrimary": "#ff8dcdff",
      "inverseSurface": "#ff2e3133",
      "onBackground": "#ff1a1c1e",
      "onError": "#ffffffff",
      "onErrorContainer": "#ff410002",
      "onInverseSurface": "#fff0f0f3",
      "onPrimary": "#ffffffff",
      "onPrimaryContainer": "#ff001e30",
      "onSecondary": "#ffffffff",
      "onSecondaryContainer": "#ff0c1d29",
      "onSurface": "#ff1a1c1e",
      "onSurfaceVariant": "#ff41474d",
      "onTertiary": "#ffffffff",
      "onTertiaryContainer": "#ff201634",
      "outline": "#ff72787e",
      "outlineVariant": "#ffc1c7ce",
      "primary": "#ff006493",
      "primaryContainer": "#ffcae6ff",
      "scrim": "#ff000000",
      "secondary": "#ff50606e",
      "secondaryContainer": "#ffd3e5f5",
      "shadow": "#ff000000",
      "surface": "#fffcfcff",
      "surfaceTint": "#ff006493",
      "surfaceVariant": "#ffdde3ea",
      "tertiary": "#ff65587b",
      "tertiaryContainer": "#ffebddff"
    },
    "height": 36,
    "layoutBehavior": "padded",
    "minWidth": 88,
    "padding": {
      "bottom": 0,
      "left": 16,
      "right": 16,
      "top": 0
    },
    "shape": {
      "borderRadius": {
        "bottomLeft": {
          "type": "elliptical",
          "x": 2,
          "y": 2
        },
        "bottomRight": {
          "type": "elliptical",
          "x": 2,
          "y": 2
        },
        "topLeft": {
          "type": "elliptical",
          "x": 2,
          "y": 2
        },
        "topRight": {
          "type": "elliptical",
          "x": 2,
          "y": 2
        },
        "type": "only"
      },
      "side": {
        "color": "#ff000000",
        "strokeAlign": -1,
        "style": "none",
        "width": 0
      },
      "type": "rounded"
    },
    "textTheme": "normal"
  },
  "canvasColor": "#fffcfcff",
  "cardColor": "#fffcfcff",
  "colorScheme": {
    "background": "#fffcfcff",
    "brightness": "light",
    "error": "#ffba1a1a",
    "errorContainer": "#ffffdad6",
    "inversePrimary": "#ff8dcdff",
    "inverseSurface": "#ff2e3133",
    "onBackground": "#ff1a1c1e",
    "onError": "#ffffffff",
    "onErrorContainer": "#ff410002",
    "onInverseSurface": "#fff0f0f3",
    "onPrimary": "#ffffffff",
    "onPrimaryContainer": "#ff001e30",
    "onSecondary": "#ffffffff",
    "onSecondaryContainer": "#ff0c1d29",
    "onSurface": "#ff1a1c1e",
    "onSurfaceVariant": "#ff41474d",
    "onTertiary": "#ffffffff",
    "onTertiaryContainer": "#ff201634",
    "outline": "#ff72787e",
    "outlineVariant": "#ffc1c7ce",
    "primary": "#ff006493",
    "primaryContainer": "#ffcae6ff",
    "scrim": "#ff000000",
    "secondary": "#ff50606e",
    "secondaryContainer": "#ffd3e5f5",
    "shadow": "#ff000000",
    "surface": "#fffcfcff",
    "surfaceTint": "#ff006493",
    "surfaceVariant": "#ffdde3ea",
    "tertiary": "#ff65587b",
    "tertiaryContainer": "#ffebddff"
  },
  "dialogBackgroundColor": "#fffcfcff",
  "disabledColor": "#61000000",
  "dividerColor": "#1f1a1c1e",
  "focusColor": "#1f000000",
  "highlightColor": "#66bcbcbc",
  "hintColor": "#99000000",
  "hoverColor": "#0a000000",
  "iconTheme": {
    "color": "#dd000000"
  },
  "indicatorColor": "#ffffffff",
  "inputDecorationTheme": {
    "alignLabelWithHint": false,
    "filled": false,
    "floatingLabelAlignment": "start",
    "floatingLabelBehavior": "auto",
    "isCollapsed": false,
    "isDense": false
  },
  "materialTapTargetSize": "shrinkWrap",
  "platform": "macOS",
  "primaryColor": "#ff006493",
  "primaryColorDark": "#ff1976d2",
  "primaryColorLight": "#ffbbdefb",
  "primaryIconTheme": {
    "color": "#ffffffff"
  },
  "primaryTextTheme": {
    "bodyLarge": {
      "color": "#fffcfcff",
      "decoration": "none",
      "decorationColor": "#fffcfcff",
      "fontFamily": ".AppleSystemUIFont",
      "fontSize": 16,
      "fontWeight": "w400",
      "inherit": false,
      "letterSpacing": 0.5,
      "textBaseline": "alphabetic"
    },
    "bodyMedium": {
      "color": "#fffcfcff",
      "decoration": "none",
      "decorationColor": "#fffcfcff",
      "fontFamily": ".AppleSystemUIFont",
      "fontSize": 14,
      "fontWeight": "w400",
      "inherit": false,
      "letterSpacing": 0.25,
      "textBaseline": "alphabetic"
    },
    "bodySmall": {
      "color": "#fffcfcff",
      "decoration": "none",
      "decorationColor": "#fffcfcff",
      "fontFamily": ".AppleSystemUIFont",
      "fontSize": 12,
      "fontWeight": "w400",
      "inherit": false,
      "letterSpacing": 0.4,
      "textBaseline": "alphabetic"
    },
    "displayLarge": {
      "color": "#fffcfcff",
      "decoration": "none",
      "decorationColor": "#fffcfcff",
      "fontFamily": ".AppleSystemUIFont",
      "fontSize": 96,
      "fontWeight": "w300",
      "inherit": false,
      "letterSpacing": -1.5,
      "textBaseline": "alphabetic"
    },
    "displayMedium": {
      "color": "#fffcfcff",
      "decoration": "none",
      "decorationColor": "#fffcfcff",
      "fontFamily": ".AppleSystemUIFont",
      "fontSize": 60,
      "fontWeight": "w300",
      "inherit": false,
      "letterSpacing": -0.5,
      "textBaseline": "alphabetic"
    },
    "displaySmall": {
      "color": "#fffcfcff",
      "decoration": "none",
      "decorationColor": "#fffcfcff",
      "fontFamily": ".AppleSystemUIFont",
      "fontSize": 48,
      "fontWeight": "w400",
      "inherit": false,
      "letterSpacing": 0,
      "textBaseline": "alphabetic"
    },
    "headlineLarge": {
      "color": "#fffcfcff",
      "decoration": "none",
      "decorationColor": "#fffcfcff",
      "fontFamily": ".AppleSystemUIFont",
      "fontSize": 40,
      "fontWeight": "w400",
      "inherit": false,
      "letterSpacing": 0.25,
      "textBaseline": "alphabetic"
    },
    "headlineMedium": {
      "color": "#fffcfcff",
      "decoration": "none",
      "decorationColor": "#fffcfcff",
      "fontFamily": ".AppleSystemUIFont",
      "fontSize": 34,
      "fontWeight": "w400",
      "inherit": false,
      "letterSpacing": 0.25,
      "textBaseline": "alphabetic"
    },
    "headlineSmall": {
      "color": "#fffcfcff",
      "decoration": "none",
      "decorationColor": "#fffcfcff",
      "fontFamily": ".AppleSystemUIFont",
      "fontSize": 24,
      "fontWeight": "w400",
      "inherit": false,
      "letterSpacing": 0,
      "textBaseline": "alphabetic"
    },
    "labelLarge": {
      "color": "#fffcfcff",
      "decoration": "none",
      "decorationColor": "#fffcfcff",
      "fontFamily": ".AppleSystemUIFont",
      "fontSize": 14,
      "fontWeight": "w500",
      "inherit": false,
      "letterSpacing": 1.25,
      "textBaseline": "alphabetic"
    },
    "labelMedium": {
      "color": "#fffcfcff",
      "decoration": "none",
      "decorationColor": "#fffcfcff",
      "fontFamily": ".AppleSystemUIFont",
      "fontSize": 11,
      "fontWeight": "w400",
      "inherit": false,
      "letterSpacing": 1.5,
      "textBaseline": "alphabetic"
    },
    "labelSmall": {
      "color": "#fffcfcff",
      "decoration": "none",
      "decorationColor": "#fffcfcff",
      "fontFamily": ".AppleSystemUIFont",
      "fontSize": 10,
      "fontWeight": "w400",
      "inherit": false,
      "letterSpacing": 1.5,
      "textBaseline": "alphabetic"
    },
    "titleLarge": {
      "color": "#fffcfcff",
      "decoration": "none",
      "decorationColor": "#fffcfcff",
      "fontFamily": ".AppleSystemUIFont",
      "fontSize": 20,
      "fontWeight": "w500",
      "inherit": false,
      "letterSpacing": 0.15,
      "textBaseline": "alphabetic"
    },
    "titleMedium": {
      "color": "#fffcfcff",
      "decoration": "none",
      "decorationColor": "#fffcfcff",
      "fontFamily": ".AppleSystemUIFont",
      "fontSize": 16,
      "fontWeight": "w400",
      "inherit": false,
      "letterSpacing": 0.15,
      "textBaseline": "alphabetic"
    },
    "titleSmall": {
      "color": "#fffcfcff",
      "decoration": "none",
      "decorationColor": "#fffcfcff",
      "fontFamily": ".AppleSystemUIFont",
      "fontSize": 14,
      "fontWeight": "w500",
      "inherit": false,
      "letterSpacing": 0.1,
      "textBaseline": "alphabetic"
    }
  },
  "scaffoldBackgroundColor": "#fffcfcff",
  "secondaryHeaderColor": "#ffe3f2fd",
  "shadowColor": "#ff000000",
  "splashColor": "#66c8c8c8",
  "splashFactory": "ripple",
  "textTheme": {
    "bodyLarge": {
      "color": "#ff1a1c1e",
      "decoration": "none",
      "decorationColor": "#ff1a1c1e",
      "fontFamily": ".AppleSystemUIFont",
      "fontSize": 16,
      "fontWeight": "w400",
      "inherit": false,
      "letterSpacing": 0.5,
      "textBaseline": "alphabetic"
    },
    "bodyMedium": {
      "color": "#ff1a1c1e",
      "decoration": "none",
      "decorationColor": "#ff1a1c1e",
      "fontFamily": ".AppleSystemUIFont",
      "fontSize": 14,
      "fontWeight": "w400",
      "inherit": false,
      "letterSpacing": 0.25,
      "textBaseline": "alphabetic"
    },
    "bodySmall": {
      "color": "#ff1a1c1e",
      "decoration": "none",
      "decorationColor": "#ff1a1c1e",
      "fontFamily": ".AppleSystemUIFont",
      "fontSize": 12,
      "fontWeight": "w400",
      "inherit": false,
      "letterSpacing": 0.4,
      "textBaseline": "alphabetic"
    },
    "displayLarge": {
      "color": "#ff1a1c1e",
      "decoration": "none",
      "decorationColor": "#ff1a1c1e",
      "fontFamily": ".AppleSystemUIFont",
      "fontSize": 96,
      "fontWeight": "w300",
      "inherit": false,
      "letterSpacing": -1.5,
      "textBaseline": "alphabetic"
    },
    "displayMedium": {
      "color": "#ff1a1c1e",
      "decoration": "none",
      "decorationColor": "#ff1a1c1e",
      "fontFamily": ".AppleSystemUIFont",
      "fontSize": 60,
      "fontWeight": "w300",
      "inherit": false,
      "letterSpacing": -0.5,
      "textBaseline": "alphabetic"
    },
    "displaySmall": {
      "color": "#ff1a1c1e",
      "decoration": "none",
      "decorationColor": "#ff1a1c1e",
      "fontFamily": ".AppleSystemUIFont",
      "fontSize": 48,
      "fontWeight": "w400",
      "inherit": false,
      "letterSpacing": 0,
      "textBaseline": "alphabetic"
    },
    "headlineLarge": {
      "color": "#ff1a1c1e",
      "decoration": "none",
      "decorationColor": "#ff1a1c1e",
      "fontFamily": ".AppleSystemUIFont",
      "fontSize": 40,
      "fontWeight": "w400",
      "inherit": false,
      "letterSpacing": 0.25,
      "textBaseline": "alphabetic"
    },
    "headlineMedium": {
      "color": "#ff1a1c1e",
      "decoration": "none",
      "decorationColor": "#ff1a1c1e",
      "fontFamily": ".AppleSystemUIFont",
      "fontSize": 34,
      "fontWeight": "w400",
      "inherit": false,
      "letterSpacing": 0.25,
      "textBaseline": "alphabetic"
    },
    "headlineSmall": {
      "color": "#ff1a1c1e",
      "decoration": "none",
      "decorationColor": "#ff1a1c1e",
      "fontFamily": ".AppleSystemUIFont",
      "fontSize": 24,
      "fontWeight": "w400",
      "inherit": false,
      "letterSpacing": 0,
      "textBaseline": "alphabetic"
    },
    "labelLarge": {
      "color": "#ff1a1c1e",
      "decoration": "none",
      "decorationColor": "#ff1a1c1e",
      "fontFamily": ".AppleSystemUIFont",
      "fontSize": 14,
      "fontWeight": "w500",
      "inherit": false,
      "letterSpacing": 1.25,
      "textBaseline": "alphabetic"
    },
    "labelMedium": {
      "color": "#ff1a1c1e",
      "decoration": "none",
      "decorationColor": "#ff1a1c1e",
      "fontFamily": ".AppleSystemUIFont",
      "fontSize": 11,
      "fontWeight": "w400",
      "inherit": false,
      "letterSpacing": 1.5,
      "textBaseline": "alphabetic"
    },
    "labelSmall": {
      "color": "#ff1a1c1e",
      "decoration": "none",
      "decorationColor": "#ff1a1c1e",
      "fontFamily": ".AppleSystemUIFont",
      "fontSize": 10,
      "fontWeight": "w400",
      "inherit": false,
      "letterSpacing": 1.5,
      "textBaseline": "alphabetic"
    },
    "titleLarge": {
      "color": "#ff1a1c1e",
      "decoration": "none",
      "decorationColor": "#ff1a1c1e",
      "fontFamily": ".AppleSystemUIFont",
      "fontSize": 20,
      "fontWeight": "w500",
      "inherit": false,
      "letterSpacing": 0.15,
      "textBaseline": "alphabetic"
    },
    "titleMedium": {
      "color": "#ff1a1c1e",
      "decoration": "none",
      "decorationColor": "#ff1a1c1e",
      "fontFamily": ".AppleSystemUIFont",
      "fontSize": 16,
      "fontWeight": "w400",
      "inherit": false,
      "letterSpacing": 0.15,
      "textBaseline": "alphabetic"
    },
    "titleSmall": {
      "color": "#ff1a1c1e",
      "decoration": "none",
      "decorationColor": "#ff1a1c1e",
      "fontFamily": ".AppleSystemUIFont",
      "fontSize": 14,
      "fontWeight": "w500",
      "inherit": false,
      "letterSpacing": 0.1,
      "textBaseline": "alphabetic"
    }
  },
  "typography": {
    "black": {
      "bodyLarge": {
        "color": "#ff1a1c1e",
        "decoration": "none",
        "decorationColor": "#ff1a1c1e",
        "fontFamily": ".AppleSystemUIFont",
        "inherit": true
      },
      "bodyMedium": {
        "color": "#ff1a1c1e",
        "decoration": "none",
        "decorationColor": "#ff1a1c1e",
        "fontFamily": ".AppleSystemUIFont",
        "inherit": true
      },
      "bodySmall": {
        "color": "#ff1a1c1e",
        "decoration": "none",
        "decorationColor": "#ff1a1c1e",
        "fontFamily": ".AppleSystemUIFont",
        "inherit": true
      },
      "displayLarge": {
        "color": "#ff1a1c1e",
        "decoration": "none",
        "decorationColor": "#ff1a1c1e",
        "fontFamily": ".AppleSystemUIFont",
        "inherit": true
      },
      "displayMedium": {
        "color": "#ff1a1c1e",
        "decoration": "none",
        "decorationColor": "#ff1a1c1e",
        "fontFamily": ".AppleSystemUIFont",
        "inherit": true
      },
      "displaySmall": {
        "color": "#ff1a1c1e",
        "decoration": "none",
        "decorationColor": "#ff1a1c1e",
        "fontFamily": ".AppleSystemUIFont",
        "inherit": true
      },
      "headlineLarge": {
        "color": "#ff1a1c1e",
        "decoration": "none",
        "decorationColor": "#ff1a1c1e",
        "fontFamily": ".AppleSystemUIFont",
        "inherit": true
      },
      "headlineMedium": {
        "color": "#ff1a1c1e",
        "decoration": "none",
        "decorationColor": "#ff1a1c1e",
        "fontFamily": ".AppleSystemUIFont",
        "inherit": true
      },
      "headlineSmall": {
        "color": "#ff1a1c1e",
        "decoration": "none",
        "decorationColor": "#ff1a1c1e",
        "fontFamily": ".AppleSystemUIFont",
        "inherit": true
      },
      "labelLarge": {
        "color": "#ff1a1c1e",
        "decoration": "none",
        "decorationColor": "#ff1a1c1e",
        "fontFamily": ".AppleSystemUIFont",
        "inherit": true
      },
      "labelMedium": {
        "color": "#ff1a1c1e",
        "decoration": "none",
        "decorationColor": "#ff1a1c1e",
        "fontFamily": ".AppleSystemUIFont",
        "inherit": true
      },
      "labelSmall": {
        "color": "#ff1a1c1e",
        "decoration": "none",
        "decorationColor": "#ff1a1c1e",
        "fontFamily": ".AppleSystemUIFont",
        "inherit": true
      },
      "titleLarge": {
        "color": "#ff1a1c1e",
        "decoration": "none",
        "decorationColor": "#ff1a1c1e",
        "fontFamily": ".AppleSystemUIFont",
        "inherit": true
      },
      "titleMedium": {
        "color": "#ff1a1c1e",
        "decoration": "none",
        "decorationColor": "#ff1a1c1e",
        "fontFamily": ".AppleSystemUIFont",
        "inherit": true
      },
      "titleSmall": {
        "color": "#ff1a1c1e",
        "decoration": "none",
        "decorationColor": "#ff1a1c1e",
        "fontFamily": ".AppleSystemUIFont",
        "inherit": true
      }
    },
    "dense": {
      "bodyLarge": {
        "fontSize": 16,
        "fontWeight": "w400",
        "height": 1.5,
        "inherit": false,
        "leadingDistribution": "even",
        "letterSpacing": 0.5,
        "textBaseline": "ideographic"
      },
      "bodyMedium": {
        "fontSize": 14,
        "fontWeight": "w400",
        "height": 1.43,
        "inherit": false,
        "leadingDistribution": "even",
        "letterSpacing": 0.25,
        "textBaseline": "ideographic"
      },
      "bodySmall": {
        "fontSize": 12,
        "fontWeight": "w400",
        "height": 1.33,
        "inherit": false,
        "leadingDistribution": "even",
        "letterSpacing": 0.4,
        "textBaseline": "ideographic"
      },
      "displayLarge": {
        "fontSize": 57,
        "fontWeight": "w400",
        "height": 1.12,
        "inherit": false,
        "leadingDistribution": "even",
        "letterSpacing": -0.25,
        "textBaseline": "ideographic"
      },
      "displayMedium": {
        "fontSize": 45,
        "fontWeight": "w400",
        "height": 1.16,
        "inherit": false,
        "leadingDistribution": "even",
        "letterSpacing": 0,
        "textBaseline": "ideographic"
      },
      "displaySmall": {
        "fontSize": 36,
        "fontWeight": "w400",
        "height": 1.22,
        "inherit": false,
        "leadingDistribution": "even",
        "letterSpacing": 0,
        "textBaseline": "ideographic"
      },
      "headlineLarge": {
        "fontSize": 32,
        "fontWeight": "w400",
        "height": 1.25,
        "inherit": false,
        "leadingDistribution": "even",
        "letterSpacing": 0,
        "textBaseline": "ideographic"
      },
      "headlineMedium": {
        "fontSize": 28,
        "fontWeight": "w400",
        "height": 1.29,
        "inherit": false,
        "leadingDistribution": "even",
        "letterSpacing": 0,
        "textBaseline": "ideographic"
      },
      "headlineSmall": {
        "fontSize": 24,
        "fontWeight": "w400",
        "height": 1.33,
        "inherit": false,
        "leadingDistribution": "even",
        "letterSpacing": 0,
        "textBaseline": "ideographic"
      },
      "labelLarge": {
        "fontSize": 14,
        "fontWeight": "w500",
        "height": 1.43,
        "inherit": false,
        "leadingDistribution": "even",
        "letterSpacing": 0.1,
        "textBaseline": "ideographic"
      },
      "labelMedium": {
        "fontSize": 12,
        "fontWeight": "w500",
        "height": 1.33,
        "inherit": false,
        "leadingDistribution": "even",
        "letterSpacing": 0.5,
        "textBaseline": "ideographic"
      },
      "labelSmall": {
        "fontSize": 11,
        "fontWeight": "w500",
        "height": 1.45,
        "inherit": false,
        "leadingDistribution": "even",
        "letterSpacing": 0.5,
        "textBaseline": "ideographic"
      },
      "titleLarge": {
        "fontSize": 22,
        "fontWeight": "w400",
        "height": 1.27,
        "inherit": false,
        "leadingDistribution": "even",
        "letterSpacing": 0,
        "textBaseline": "ideographic"
      },
      "titleMedium": {
        "fontSize": 16,
        "fontWeight": "w500",
        "height": 1.5,
        "inherit": false,
        "leadingDistribution": "even",
        "letterSpacing": 0.15,
        "textBaseline": "ideographic"
      },
      "titleSmall": {
        "fontSize": 14,
        "fontWeight": "w500",
        "height": 1.43,
        "inherit": false,
        "leadingDistribution": "even",
        "letterSpacing": 0.1,
        "textBaseline": "ideographic"
      }
    },
    "englishLike": {
      "bodyLarge": {
        "fontSize": 16,
        "fontWeight": "w400",
        "height": 1.5,
        "inherit": false,
        "leadingDistribution": "even",
        "letterSpacing": 0.5,
        "textBaseline": "alphabetic"
      },
      "bodyMedium": {
        "fontSize": 14,
        "fontWeight": "w400",
        "height": 1.43,
        "inherit": false,
        "leadingDistribution": "even",
        "letterSpacing": 0.25,
        "textBaseline": "alphabetic"
      },
      "bodySmall": {
        "fontSize": 12,
        "fontWeight": "w400",
        "height": 1.33,
        "inherit": false,
        "leadingDistribution": "even",
        "letterSpacing": 0.4,
        "textBaseline": "alphabetic"
      },
      "displayLarge": {
        "fontSize": 57,
        "fontWeight": "w400",
        "height": 1.12,
        "inherit": false,
        "leadingDistribution": "even",
        "letterSpacing": -0.25,
        "textBaseline": "alphabetic"
      },
      "displayMedium": {
        "fontSize": 45,
        "fontWeight": "w400",
        "height": 1.16,
        "inherit": false,
        "leadingDistribution": "even",
        "letterSpacing": 0,
        "textBaseline": "alphabetic"
      },
      "displaySmall": {
        "fontSize": 36,
        "fontWeight": "w400",
        "height": 1.22,
        "inherit": false,
        "leadingDistribution": "even",
        "letterSpacing": 0,
        "textBaseline": "alphabetic"
      },
      "headlineLarge": {
        "fontSize": 32,
        "fontWeight": "w400",
        "height": 1.25,
        "inherit": false,
        "leadingDistribution": "even",
        "letterSpacing": 0,
        "textBaseline": "alphabetic"
      },
      "headlineMedium": {
        "fontSize": 28,
        "fontWeight": "w400",
        "height": 1.29,
        "inherit": false,
        "leadingDistribution": "even",
        "letterSpacing": 0,
        "textBaseline": "alphabetic"
      },
      "headlineSmall": {
        "fontSize": 24,
        "fontWeight": "w400",
        "height": 1.33,
        "inherit": false,
        "leadingDistribution": "even",
        "letterSpacing": 0,
        "textBaseline": "alphabetic"
      },
      "labelLarge": {
        "fontSize": 14,
        "fontWeight": "w500",
        "height": 1.43,
        "inherit": false,
        "leadingDistribution": "even",
        "letterSpacing": 0.1,
        "textBaseline": "alphabetic"
      },
      "labelMedium": {
        "fontSize": 12,
        "fontWeight": "w500",
        "height": 1.33,
        "inherit": false,
        "leadingDistribution": "even",
        "letterSpacing": 0.5,
        "textBaseline": "alphabetic"
      },
      "labelSmall": {
        "fontSize": 11,
        "fontWeight": "w500",
        "height": 1.45,
        "inherit": false,
        "leadingDistribution": "even",
        "letterSpacing": 0.5,
        "textBaseline": "alphabetic"
      },
      "titleLarge": {
        "fontSize": 22,
        "fontWeight": "w400",
        "height": 1.27,
        "inherit": false,
        "leadingDistribution": "even",
        "letterSpacing": 0,
        "textBaseline": "alphabetic"
      },
      "titleMedium": {
        "fontSize": 16,
        "fontWeight": "w500",
        "height": 1.5,
        "inherit": false,
        "leadingDistribution": "even",
        "letterSpacing": 0.15,
        "textBaseline": "alphabetic"
      },
      "titleSmall": {
        "fontSize": 14,
        "fontWeight": "w500",
        "height": 1.43,
        "inherit": false,
        "leadingDistribution": "even",
        "letterSpacing": 0.1,
        "textBaseline": "alphabetic"
      }
    },
    "tall": {
      "bodyLarge": {
        "fontSize": 16,
        "fontWeight": "w400",
        "height": 1.5,
        "inherit": false,
        "leadingDistribution": "even",
        "letterSpacing": 0.5,
        "textBaseline": "alphabetic"
      },
      "bodyMedium": {
        "fontSize": 14,
        "fontWeight": "w400",
        "height": 1.43,
        "inherit": false,
        "leadingDistribution": "even",
        "letterSpacing": 0.25,
        "textBaseline": "alphabetic"
      },
      "bodySmall": {
        "fontSize": 12,
        "fontWeight": "w400",
        "height": 1.33,
        "inherit": false,
        "leadingDistribution": "even",
        "letterSpacing": 0.4,
        "textBaseline": "alphabetic"
      },
      "displayLarge": {
        "fontSize": 57,
        "fontWeight": "w400",
        "height": 1.12,
        "inherit": false,
        "leadingDistribution": "even",
        "letterSpacing": -0.25,
        "textBaseline": "alphabetic"
      },
      "displayMedium": {
        "fontSize": 45,
        "fontWeight": "w400",
        "height": 1.16,
        "inherit": false,
        "leadingDistribution": "even",
        "letterSpacing": 0,
        "textBaseline": "alphabetic"
      },
      "displaySmall": {
        "fontSize": 36,
        "fontWeight": "w400",
        "height": 1.22,
        "inherit": false,
        "leadingDistribution": "even",
        "letterSpacing": 0,
        "textBaseline": "alphabetic"
      },
      "headlineLarge": {
        "fontSize": 32,
        "fontWeight": "w400",
        "height": 1.25,
        "inherit": false,
        "leadingDistribution": "even",
        "letterSpacing": 0,
        "textBaseline": "alphabetic"
      },
      "headlineMedium": {
        "fontSize": 28,
        "fontWeight": "w400",
        "height": 1.29,
        "inherit": false,
        "leadingDistribution": "even",
        "letterSpacing": 0,
        "textBaseline": "alphabetic"
      },
      "headlineSmall": {
        "fontSize": 24,
        "fontWeight": "w400",
        "height": 1.33,
        "inherit": false,
        "leadingDistribution": "even",
        "letterSpacing": 0,
        "textBaseline": "alphabetic"
      },
      "labelLarge": {
        "fontSize": 14,
        "fontWeight": "w500",
        "height": 1.43,
        "inherit": false,
        "leadingDistribution": "even",
        "letterSpacing": 0.1,
        "textBaseline": "alphabetic"
      },
      "labelMedium": {
        "fontSize": 12,
        "fontWeight": "w500",
        "height": 1.33,
        "inherit": false,
        "leadingDistribution": "even",
        "letterSpacing": 0.5,
        "textBaseline": "alphabetic"
      },
      "labelSmall": {
        "fontSize": 11,
        "fontWeight": "w500",
        "height": 1.45,
        "inherit": false,
        "leadingDistribution": "even",
        "letterSpacing": 0.5,
        "textBaseline": "alphabetic"
      },
      "titleLarge": {
        "fontSize": 22,
        "fontWeight": "w400",
        "height": 1.27,
        "inherit": false,
        "leadingDistribution": "even",
        "letterSpacing": 0,
        "textBaseline": "alphabetic"
      },
      "titleMedium": {
        "fontSize": 16,
        "fontWeight": "w500",
        "height": 1.5,
        "inherit": false,
        "leadingDistribution": "even",
        "letterSpacing": 0.15,
        "textBaseline": "alphabetic"
      },
      "titleSmall": {
        "fontSize": 14,
        "fontWeight": "w500",
        "height": 1.43,
        "inherit": false,
        "leadingDistribution": "even",
        "letterSpacing": 0.1,
        "textBaseline": "alphabetic"
      }
    },
    "white": {
      "bodyLarge": {
        "color": "#fffcfcff",
        "decoration": "none",
        "decorationColor": "#fffcfcff",
        "fontFamily": ".AppleSystemUIFont",
        "inherit": true
      },
      "bodyMedium": {
        "color": "#fffcfcff",
        "decoration": "none",
        "decorationColor": "#fffcfcff",
        "fontFamily": ".AppleSystemUIFont",
        "inherit": true
      },
      "bodySmall": {
        "color": "#fffcfcff",
        "decoration": "none",
        "decorationColor": "#fffcfcff",
        "fontFamily": ".AppleSystemUIFont",
        "inherit": true
      },
      "displayLarge": {
        "color": "#fffcfcff",
        "decoration": "none",
        "decorationColor": "#fffcfcff",
        "fontFamily": ".AppleSystemUIFont",
        "inherit": true
      },
      "displayMedium": {
        "color": "#fffcfcff",
        "decoration": "none",
        "decorationColor": "#fffcfcff",
        "fontFamily": ".AppleSystemUIFont",
        "inherit": true
      },
      "displaySmall": {
        "color": "#fffcfcff",
        "decoration": "none",
        "decorationColor": "#fffcfcff",
        "fontFamily": ".AppleSystemUIFont",
        "inherit": true
      },
      "headlineLarge": {
        "color": "#fffcfcff",
        "decoration": "none",
        "decorationColor": "#fffcfcff",
        "fontFamily": ".AppleSystemUIFont",
        "inherit": true
      },
      "headlineMedium": {
        "color": "#fffcfcff",
        "decoration": "none",
        "decorationColor": "#fffcfcff",
        "fontFamily": ".AppleSystemUIFont",
        "inherit": true
      },
      "headlineSmall": {
        "color": "#fffcfcff",
        "decoration": "none",
        "decorationColor": "#fffcfcff",
        "fontFamily": ".AppleSystemUIFont",
        "inherit": true
      },
      "labelLarge": {
        "color": "#fffcfcff",
        "decoration": "none",
        "decorationColor": "#fffcfcff",
        "fontFamily": ".AppleSystemUIFont",
        "inherit": true
      },
      "labelMedium": {
        "color": "#fffcfcff",
        "decoration": "none",
        "decorationColor": "#fffcfcff",
        "fontFamily": ".AppleSystemUIFont",
        "inherit": true
      },
      "labelSmall": {
        "color": "#fffcfcff",
        "decoration": "none",
        "decorationColor": "#fffcfcff",
        "fontFamily": ".AppleSystemUIFont",
        "inherit": true
      },
      "titleLarge": {
        "color": "#fffcfcff",
        "decoration": "none",
        "decorationColor": "#fffcfcff",
        "fontFamily": ".AppleSystemUIFont",
        "inherit": true
      },
      "titleMedium": {
        "color": "#fffcfcff",
        "decoration": "none",
        "decorationColor": "#fffcfcff",
        "fontFamily": ".AppleSystemUIFont",
        "inherit": true
      },
      "titleSmall": {
        "color": "#fffcfcff",
        "decoration": "none",
        "decorationColor": "#fffcfcff",
        "fontFamily": ".AppleSystemUIFont",
        "inherit": true
      }
    }
  },
  "unselectedWidgetColor": "#8a000000",
  "useMaterial3": true,
  "visualDensity": "compact"
}